{"cameraMode":{"drawMode":0,"name":"Shaded","section":"Shading Mode"},"sceneLighting":true,"audioPlay":false,"sceneViewState":{"m_AlwaysRefresh":false,"showFog":false,"showSkybox":false,"showFlares":false,"showImageEffects":false,"showParticleSystems":false,"showVisualEffectGraphs":true,"m_FxEnabled":true},"in2DMode":false,"pivot":{"x":8.519000053405762,"y":0.7510002851486206,"z":-1.2400000095367432},"rotation":{"x":-0.015455221757292748,"y":-0.9842734932899475,"z":0.12412799149751663,"w":-0.12564316391944886},"size":0.5660253763198853,"orthographic":false}